sha256	bytes	path	status
5fcbc3b266100eb133a373ff13b067d1f0a221b2f63dcf98d3870608e5652f36	249159	evidence/verbose_heartbeat/canonical/integration/closure/serial_ref/collected_nodeids.txt	EXCLUDED_RAW_GT_100K
e8a96f45320ebfccb22c8bd286946b372bb8c30e71009b95404807abc09a8eea	249744	evidence/verbose_heartbeat/canonical/integration/closure/serial_ref/pre_collect_raw.txt	EXCLUDED_RAW_GT_100K
265f173f1504805f53e0a4f20370d861def59c149d03b147ce9ba45e0f696b85	249159	evidence/verbose_heartbeat/mutants/MV1_heartbeat_prints_PASS/integration/closure/serial_ref/collected_nodeids.txt	EXCLUDED_RAW_GT_100K
5bc3764360eecf42e37daad5c7a13331ee59294eac88dbf2df08de6f8c22700f	249743	evidence/verbose_heartbeat/mutants/MV1_heartbeat_prints_PASS/integration/closure/serial_ref/pre_collect_raw.txt	EXCLUDED_RAW_GT_100K
05052617c53027b29fcc047c47cbf459c183e3b849f40ebb0141c0407b3850dc	249159	evidence/verbose_heartbeat/mutants/MV2_heartbeat_survives_stage/integration/closure/serial_ref/collected_nodeids.txt	EXCLUDED_RAW_GT_100K
bfff65170e08c2e5eeb12e0277996938472a9903155599237844e4e456609b97	249743	evidence/verbose_heartbeat/mutants/MV2_heartbeat_survives_stage/integration/closure/serial_ref/pre_collect_raw.txt	EXCLUDED_RAW_GT_100K
2be8330f469d748f571ce5524094390a1a7a6a23ecab12f676bbe7b4a33f8d0e	249159	evidence/verbose_heartbeat/mutants/MV3a_final_PASS_before_aggregation/integration/closure/serial_ref/collected_nodeids.txt	EXCLUDED_RAW_GT_100K
5b15753cb56b1a960ac4a326938954b6d572fe8aa71dd57c58be308e684d4cde	249744	evidence/verbose_heartbeat/mutants/MV3a_final_PASS_before_aggregation/integration/closure/serial_ref/pre_collect_raw.txt	EXCLUDED_RAW_GT_100K
d9f95c3e816409117b6396d006fc14e7e19f23af6b4a58d9d6df80b0826d46d8	249159	evidence/verbose_heartbeat/mutants/MV3b_final_verdict_always_PASS/integration/closure/serial_ref/collected_nodeids.txt	EXCLUDED_RAW_GT_100K
a8d67ac6c596acbe69d6c1ceca63e98cabd80bb06ce77c77fde43601567e1973	249744	evidence/verbose_heartbeat/mutants/MV3b_final_verdict_always_PASS/integration/closure/serial_ref/pre_collect_raw.txt	EXCLUDED_RAW_GT_100K
1512c96a4b5cf51d1540eb73c7a024e7a7a65dab56ed7b041c5fb25a8e0ca2e3	249159	evidence/verbose_heartbeat/mutants/MV4_failed_child_exit_ignored/integration/closure/serial_ref/collected_nodeids.txt	EXCLUDED_RAW_GT_100K
a181ebb8b771480ae3cd08a5ca8f8b1ca5738cab869b2064ce338f1360bb5d09	249744	evidence/verbose_heartbeat/mutants/MV4_failed_child_exit_ignored/integration/closure/serial_ref/pre_collect_raw.txt	EXCLUDED_RAW_GT_100K
78126604657298928e4ad91475e93d27f43942c9de1532848a8b77beeb36bec1	249159	evidence/verbose_heartbeat/mutants/MV5_secret_emitted/integration/closure/serial_ref/collected_nodeids.txt	EXCLUDED_RAW_GT_100K
033a7d6a9d9781f2bafcf9a7378e0c9d7c9f0fa968db059177109f4343225e81	249743	evidence/verbose_heartbeat/mutants/MV5_secret_emitted/integration/closure/serial_ref/pre_collect_raw.txt	EXCLUDED_RAW_GT_100K
4b66238f3a5e15f89b1ffc603625b379d844f7ba61b75a6dbbe3162a79485e11	249159	evidence/verbose_heartbeat/mutants/MV6_stage_order_altered/integration/closure/serial_ref/collected_nodeids.txt	EXCLUDED_RAW_GT_100K
5dc0dbb53f7dad1f472d82ac27b3c762ef6c1cab9ce9ef68635b6f3b7ebafd33	249744	evidence/verbose_heartbeat/mutants/MV6_stage_order_altered/integration/closure/serial_ref/pre_collect_raw.txt	EXCLUDED_RAW_GT_100K
11028b40dcc589ea37962611ec450e87f13913f0b1518cee5b7cc3c47d9ad0e6	249159	evidence/verbose_heartbeat/mutants/MV7_timeout_not_reported/integration/closure/serial_ref/collected_nodeids.txt	EXCLUDED_RAW_GT_100K
6fc569a4185359bba1e7497761c81c8f12f58e38b353baffad31a574d4b134f6	249743	evidence/verbose_heartbeat/mutants/MV7_timeout_not_reported/integration/closure/serial_ref/pre_collect_raw.txt	EXCLUDED_RAW_GT_100K
1d5f681111f2660c1970aadcbbfd8eaf407b97fc451318ff72739cac3d7b46c9	249159	evidence/verbose_heartbeat/regression/tf_px_04_05/t04a/serial_ref/collected_nodeids.txt	EXCLUDED_RAW_GT_100K
2dd90fe7cb8eadf899b8e330f151307f937a3d0fe6b901935593a61d054224b9	249743	evidence/verbose_heartbeat/regression/tf_px_04_05/t04a/serial_ref/pre_collect_raw.txt	EXCLUDED_RAW_GT_100K
